Workbook

Sheet Footing Jacket
D1: D E S I G N S H E E T
D2: Project : | E2: Project name
D3: Member : | E3: F-1 - Grid A-1
D4: Designed / Date : | E4: Albert Pamonag | G4: =TODAY() -> 46299
D5: Checked / Date :
B6: JACKETING (ENLARGEMENT) OF AN EXISTING ISOLATED FOOTING
B7: ACI 562-25 - Assessment, Repair and Rehabilitation of Existing Concrete Structures; ACI 318-25M; ASCE 41-17
B8: Yellow cells are inputs. Every other cell is locked. Owner: Albert Pamonag - Albert Pamonag Engineering Consultancy.
B10: Description | C10: Symbol | D10: Value | E10: Unit | F10: Equation / reference | G10: Status
B12: 1.0 INPUT DATA
B32: Existing footing
B33: Existing footing width | C33: B0 | D33: 2000 | E33: mm
B34: Existing footing length | C34: L0 | D34: 3000 | E34: mm
B35: Existing footing thickness | C35: h0 | D35: 600 | E35: mm
B36: Existing concrete strength | C36: f'c0 | D36: 21 | E36: MPa
B37: Existing reinforcement yield | C37: fy0 | D37: 275 | E37: MPa
B38: Existing bottom bars parallel to L | C38: n | D38: 8 | F38: outer (lower) layer, across the width B0
B39: Their diameter | C39: db | D39: 20 | E39: mm
B40: Existing bottom bars parallel to B | C40: n | D40: 15 | F40: inner layer, across the length L0
B41: Their diameter | C41: db | D41: 20 | E41: mm
B42: Clear cover to the existing outer layer | C42: cc0 | D42: 75 | E42: mm
B43: Column
B44: Column dimension parallel to B | C44: cB | D44: 400 | E44: mm | F44: at the top of the footing (jacketed size if the column is jacketed)
B45: Column dimension parallel to L | C45: cL | D45: 400 | E45: mm
B46: Column location factor | C46: alpha_s | D46: 40 | F46: ACI 318-25M 22.6.5.3: 40 interior, 30 edge, 20 corner
B47: Overlay tied to the column? | D47: Yes | F47: No: shear uses the existing depth only (see 5.0, 6.0)
B48: Jacket
B49: Wing added on EACH side, B direction | C49: eB | D49: 600 | E49: mm | F49: 0 = no enlargement in this direction
B50: Wing added on EACH side, L direction | C50: eL | D50: 600 | E50: mm
B51: Bonded overlay thickness on top | C51: t,top | D51: 200 | E51: mm | F51: 0 = none; the wings are cast to the full depth h0 + t,top
B52: Jacket concrete strength | C52: f'cj | D52: 28 | E52: MPa
B53: Jacket reinforcement yield | C53: fyj | D53: 415 | E53: MPa
B54: New bottom bars parallel to L | C54: n | D54: 8 | F54: total in the two side wings, continuous over L
B55: Their diameter | C55: db | D55: 20 | E55: mm
B56: New bottom bars parallel to B | C56: n | D56: 10 | F56: total in the two end wings, continuous over B
B57: Their diameter | C57: db | D57: 20 | E57: mm
B58: Clear cover to the new outer layer | C58: ccj | D58: 75 | E58: mm
B59: Lightweight concrete factor | C59: lambda | D59: 1
B60: Interfaces
B61: Surface of the old concrete | D61: roughened | F61: roughened = ~6 mm amplitude, ACI 318-25M 26.5.6.2(e); ACI 562-25 9.4.4.3
B62: Dowels crossing EACH end face | C62: n | D62: 14 | F62: end faces: the old faces of width B0
B63: Of these, in the bottom (tension) row | C63: n | D63: 7
B64: Dowels crossing EACH side face | C64: n | D64: 20 | F64: side faces: the old faces of length L0
B65: Of these, in the bottom (tension) row | C65: n | D65: 10
B66: Dowel diameter | C66: db | D66: 20 | E66: mm
B67: Dowel yield | C67: fy | D67: 415 | E67: MPa
B68: Bottom dowel row above the soffit | C68: z | D68: 100 | E68: mm
B69: Overlay tie diameter | C69: db | D69: 12 | E69: mm | F69: 0 = no ties
B70: Overlay tie spacing, each way | C70: s | D70: 300 | E70: mm | F70: square grid
B71: Overlay tie yield | C71: fyt | D71: 415 | E71: MPa
B72: Construction sequence and loads (at the top of the footing)
B73: Load relieved before the jacket is cast? | D73: No | F73: ACI 562-25 R9.4.1; ASCE 41-17 C8.7 - governs the design
B74: Service load on the footing at casting | C74: P0 | D74: 700 | E74: kN
B75: Service moment at casting, along L | C75: M0L | D75: 0 | E75: kN-m
B76: Service moment at casting, along B | C76: M0B | D76: 0 | E76: kN-m
B77: Final service load | C77: P | D77: 1500 | E77: kN
B78: Final service moment, along L | C78: ML | D78: 180 | E78: kN-m | F78: varies the pressure along L
B79: Final service moment, along B | C79: MB | D79: 60 | E79: kN-m
B80: Permissible net bearing pressure | C80: qa | D80: 200 | E80: kPa | F80: for this service combination ACI 318-25M 13.3.1.1
B81: Factored load | C81: Pu | D81: 2000 | E81: kN
B82: Factored moment, along L | C82: MuL | D82: 260 | E82: kN-m
B83: Factored moment, along B | C83: MuB | D83: 90 | E83: kN-m
B84: Input check | D84: ="" | F84: every cell a number; column inside the footing; steel at the face | G84: =IFERROR(IF(AND(COUNT($D$33,$D$34,$D$35,$D$36,$D$37,$D$38,$D$39,$D$40,$D$41,$D$42,$D$44,$D$45,$D$46,$D$49,$D$50,$D$51,$D$52,$D$53,$D$54,$D$55,$D$56,$D$57,$D$58,$D$59,$D$62,$D$63,$D$64,$D$65,$D$66,$D$67,$D$68,$D$69,$D$70,$D$71,$D$74,$D$75,$D$76,$D$77,$D$78,$D$79,$D$80,$D$81,$D$82,$D$83)=44,MIN($D$33,$D$34,$D$35,$D$36,$D$37,$D$52,$D$53,$D$44,$D$45,$D$80,$D$59,$D$67,$D$71)>0,MIN($D$33,$D$34,$D$35,$D$36,$D$37,$D$38,$D$39,$D$40,$D$41,$D$42,$D$44,$D$45,$D$46,$D$49,$D$50,$D$51,$D$52,$D$53,$D$54,$D$55,$D$56,$D$57,$D$58,$D$59,$D$62,$D$63,$D$64,$D$65,$D$66,$D$67,$D$68,$D$69,$D$70,$D$71,$D$74,$D$75,$D$76,$D$77,$D$78,$D$79,$D$80,$D$81,$D$82,$D$83)>=0,$D$44<$D$33,$D$45<$D$34,$D$63<=$D$62,$D$65<=$D$64,$D$159>0,$D$177>0),"OK","INVALID INPUT"),"INVALID INPUT") -> OK
B85: Loads are those at the top of the footing; qa is the net permissible pressure. Enter moments as magnitudes. Sample values: a 2.0 x 3.0 x 0.60 m footing enlarged by 600 mm on every side with a 200 mm overlay, 700 kN on it when the jacket is cast.
B86: Background on footing strengthening and why it is rarely straightforward: Antoniou (2023), Section 4.18. The equations behind each section, with clause and page, are on the Theory sheet.
B88: RESULT SUMMARY
B89: Bearing: q,max <= qa | C89: q,max / qa | D89: =$D$144 -> 0.97544121 | F89: ACI 318-25M 13.3.1.1 with the load history | G89: =$G$144 -> PASS
B90: Whole base in contact | C90: q,min | D90: =MIN($D$145,$D$151) -> 32.020621 | E90: kPa | F90: least of the service and factored q,min; needs >= 0 | G90: =IF(OR($G$145="FAIL",$G$151="FAIL"),"FAIL","PASS") -> PASS
B91: Flexure at the column face | C91: Mu / phi Mn | D91: =MAX($D$169,$D$187) -> 0.79409503 | F91: ACI 318-25M Table 13.2.7.1, 22.3.3.2 | G91: =IF(OR($G$169="FAIL",$G$187="FAIL"),"FAIL","PASS") -> PASS
B92: Minimum flexural steel (face, wing root) | C92: As,min / As | D92: =MAX($D$172,$D$190,$D$263,$D$277) -> 0.97784797 | F92: ACI 318-25M 8.6.1.1, 7.6.1.1; d >= 150 mm (13.3.1.2) | G92: =IF(OR($G$172="FAIL",$G$190="FAIL",$G$263="FAIL",$G$277="FAIL",$G$191="FAIL"),"FAIL","PASS") -> PASS
B93: Minimum steel at the column for punching | C93: req / prov | D93: =MAX($D$244,$D$248) -> 0.9519563 | F93: ACI 318-25M Eq. (8.6.1.2) | G93: =IF(OR($G$244="FAIL",$G$248="FAIL"),"FAIL",IF($C$239="No","N/A","PASS")) -> PASS
B94: One-way shear at d from the column face | C94: Vu / phi Vc | D94: =MAX($D$202,$D$210) -> 0.4327511 | F94: ACI 318-25M 13.2.7.2, 13.2.6.2(a) | G94: =IF(OR($G$202="FAIL",$G$210="FAIL"),"FAIL","PASS") -> PASS
B95: Two-way shear with moment transfer | C95: vu / phi vc | D95: =$D$234 -> 0.58978017 | F95: ACI 318-25M Table 22.6.5.2, 8.4.4.2 | G95: =$G$234 -> PASS
B96: Wings: flexure and shear at the old faces | C96: D/C | D96: =MAX($D$262,$D$276,$D$265,$D$279) -> 0.17465298 | F96: cantilever from the old footing face | G96: =IF(OR($G$262="FAIL",$G$276="FAIL",$G$265="FAIL",$G$279="FAIL"),"FAIL",IF(AND($C$253="No",$C$267="No"),"N/A","PASS")) -> PASS
B97: Shear friction on the old faces, surface | C97: Vu / phi Vn | D97: =MAX($D$295,$D$305) -> 0.16888528 | F97: ACI 318-25M Eq. (22.9.4.2); ACI 562-25 9.4.4.3 | G97: =IF(OR($G$295="FAIL",$G$305="FAIL",$G$283="FAIL"),"FAIL",IF(AND($C$253="No",$C$267="No"),"N/A","PASS")) -> PASS
B98: Overlay: horizontal shear and tie spacing | C98: Vu / phi Vnh | D98: =MAX($D$326,$D$330) -> 0.32143595 | F98: ACI 318-25M 16.4.3.1, 16.4.7.2 | G98: =IF(OR($G$326="FAIL",$G$330="FAIL",$G$322="FAIL"),"FAIL",IF($C$123="No","N/A","PASS")) -> PASS
B99: OVERALL - FOOTING JACKET | G99: =IF($G$84<>"OK","INVALID INPUT",IF(OR($G$89="FAIL",$G$90="FAIL",$G$91="FAIL",$G$92="FAIL",$G$93="FAIL",$G$94="FAIL",$G$95="FAIL",$G$96="FAIL",$G$97="FAIL",$G$98="FAIL"),"FAIL","PASS")) -> PASS
B100: =IF($D$73="Yes","Existing load relieved before casting - the whole load spreads over the enlarged footing. Confirm on site that the shoring or jacking actually unloads the footing.","Unshored - the load on the footing when the jacket is cast stays on the old footprint and only the increment spreads over the enlarged base (ACI 562-25 R9.4.1; ASCE 41-17 C8.7). The old footprint carries q0 + q1, the wings q1 alone.") -> Unshored - the load on the footing when the jacket is cast stays on the old footprint and only the increment spreads over the enlarged base (ACI 562-25 R9.4.1; ASCE 41-17 C8.7). The old footprint carries q0 + q1, the wings q1 alone.
B102: 2.0 GEOMETRY AND MATERIALS
B103: Jacketed width | C103: B | D103: =$D$33+2*$D$49 -> 3200 | E103: mm | F103: B0 + 2 eB
B104: Jacketed length | C104: L | D104: =$D$34+2*$D$50 -> 4200 | E104: mm | F104: L0 + 2 eL
B105: Jacketed thickness | C105: h | D105: =$D$35+$D$51 -> 800 | E105: mm | F105: h0 + t,top
B106: Existing base area | C106: A0 | D106: =$D$33*$D$34/1000000 -> 6 | E106: m2
B107: Jacketed base area | C107: A | D107: =$D$103*$D$104/1000000 -> 13.44 | E107: m2
B108: Concrete strength used for every section | C108: f'c | D108: =MIN($D$36,$D$52) -> 21 | E108: MPa | F108: the lesser f'c ACI 318-25M 22.3.3.4, 22.5.4.3, 22.9.4.4
B109: Square root of f'c used in shear | D109: =MIN(SQRT($D$108),8.3) -> 4.5825757 | E109: MPa | F109: not more than 8.3 MPa ACI 318-25M 22.5.3.1, 22.6.3.1
B110: Stress block factor | C110: beta1 | D110: =IF($D$108<=28,0.85,IF($D$108>=55,0.65,0.85-0.05*($D$108-28)/7)) -> 0.85 | F110: ACI 318-25M Table 22.2.2.4.3
B111: Existing steel parallel to L | C111: As0 | D111: =$D$38*(PI()*$D$39^2/4) -> 2513.2741 | E111: mm2
B112: Existing steel parallel to B | C112: As0 | D112: =$D$40*(PI()*$D$41^2/4) -> 4712.389 | E112: mm2
B113: New steel parallel to L (side wings) | C113: Asj | D113: =$D$54*(PI()*$D$55^2/4) -> 2513.2741 | E113: mm2
B114: New steel parallel to B (end wings) | C114: Asj | D114: =$D$56*(PI()*$D$57^2/4) -> 3141.5927 | E114: mm2
B115: Bottom-row dowels, each end face | C115: Asd | D115: =$D$63*(PI()*$D$66^2/4) -> 2199.1149 | E115: mm2
B116: Bottom-row dowels, each side face | C116: Asd | D116: =$D$65*(PI()*$D$66^2/4) -> 3141.5927 | E116: mm2
B117: Depth to the existing bars parallel to L | C117: d0 | D117: =$D$105-$D$42-$D$39/2 -> 715 | E117: mm | F117: from the top of the jacketed footing
B118: Depth to the existing bars parallel to B | C118: d0 | D118: =$D$105-$D$42-$D$39-$D$41/2 -> 695 | E118: mm | F118: inner layer
B119: Depth to the new bars parallel to L | C119: dj | D119: =$D$105-$D$58-$D$55/2 -> 715 | E119: mm
B120: Depth to the new bars parallel to B | C120: dj | D120: =$D$105-$D$58-$D$55-$D$57/2 -> 695 | E120: mm
B121: Depth to the bottom dowel row | C121: dd | D121: =$D$105-$D$68 -> 700 | E121: mm
B122: Wings provided? | C122: =IF(OR($D$49>0,$D$50>0),"Yes","No") -> Yes
B123: Overlay provided? | C123: =IF($D$51>0,"Yes","No") -> Yes
...

Sheet Theory
D1: D E S I G N S H E E T
D2: Project : | E2: =IF('Footing Jacket'!$E$2="","",'Footing Jacket'!$E$2) -> Project name
D3: Member : | E3: =IF('Footing Jacket'!$E$3="","",'Footing Jacket'!$E$3) -> F-1 - Grid A-1
D4: Designed / Date : | E4: =IF('Footing Jacket'!$E$4="","",'Footing Jacket'!$E$4) -> Albert Pamonag | G4: =IF('Footing Jacket'!$G$4="","",'Footing Jacket'!$G$4) -> 46299
D5: Checked / Date : | E5: =IF('Footing Jacket'!$E$5="","",'Footing Jacket'!$E$5) | G5: =IF('Footing Jacket'!$G$5="","",'Footing Jacket'!$G$5)
B6: THEORETICAL REFERENCE - FOOTING JACKET
B7: ACI 562-25; ACI 318-25M; ASCE 41-17 - clause and printed page under each card
B8: Reference sheet - no inputs. Every cell and picture is locked. Owner: Albert Pamonag - Albert Pamonag Engineering Consultancy.
B10: Equations and provisions behind the calculation sheet
B11: Each card sets out, in this sheet's own notation, the equations a section of the calculation sheet uses; the line under it gives the clause and the printed page where the provision is found. The cards are typeset for this workbook - they are not copies of the standards, which remain the authority.
B13: A. LOAD HISTORY AND BEARING PRESSURE
B28: Basis: ACI 562-25 R9.4.1 (p. 85) and R9.2.1 (p. 84); ASCE 41-17 C8.7 item 2 (p. 455); ACI 318-25M 13.3.1.1 (p. 211).
B30: B. PRESSURE BEYOND A SECTION
B44: Basis: Statics. Critical sections: ACI 318-25M Table 13.2.7.1 and 13.2.7.2 (p. 210), 7.4.3.2 (p. 101).
B46: C. FLEXURE OF THE COMPOSITE SECTION
B59: Basis: ACI 318-25M 22.3.3.2 to 22.3.3.4 (p. 440), Table 22.2.2.4.3 (p. 439), 7.6.1.1 (p. 102), 8.6.1.1 (p. 122), 13.3.1.2 (p. 212); ACI 562-25 Table 5.3.2 (p. 38).
B61: D. ONE-WAY SHEAR
... B132: (c) Albert Pamonag Engineering Consultancy. Owner: Albert Pamonag. This calculation sheet is protected; the engineer of record remains responsible for the inputs and for the checks listed as not covered.
